{"cameraMode":{"drawMode":0,"name":"Shaded","section":"Shading Mode"},"sceneLighting":true,"audioPlay":false,"sceneViewState":{"m_AlwaysRefresh":false,"showFog":true,"showSkybox":true,"showFlares":true,"showImageEffects":true,"showParticleSystems":true,"showVisualEffectGraphs":true,"m_FxEnabled":true},"in2DMode":false,"pivot":{"x":-47.849998474121097,"y":0.3649778962135315,"z":0.3700000047683716},"rotation":{"x":0.02424614503979683,"y":-0.9712573885917664,"z":0.11300379782915116,"w":0.20908406376838685},"size":9.606195449829102,"orthographic":true}