{"cameraMode":{"drawMode":0,"name":"Shaded","section":"Shading Mode"},"sceneLighting":false,"audioPlay":false,"sceneViewState":{"m_AlwaysRefresh":false,"showFog":true,"showSkybox":false,"showFlares":true,"showImageEffects":true,"showParticleSystems":true,"showVisualEffectGraphs":true,"m_FxEnabled":true},"in2DMode":false,"pivot":{"x":-0.3001213073730469,"y":0.3549264669418335,"z":-0.13007032871246339},"rotation":{"x":-0.013900252990424633,"y":-0.7021287679672241,"z":0.013688022270798684,"w":-0.7118323445320129},"size":0.853227972984314,"orthographic":true}