{"cameraMode":{"drawMode":0,"name":"Shaded","section":"Shading Mode"},"sceneLighting":false,"audioPlay":false,"sceneViewState":{"m_AlwaysRefresh":false,"showFog":true,"showSkybox":false,"showFlares":true,"showImageEffects":true,"showParticleSystems":true,"showVisualEffectGraphs":true,"m_FxEnabled":true},"in2DMode":false,"pivot":{"x":-0.0016676150262355805,"y":-0.055818505585193637,"z":0.2988298535346985},"rotation":{"x":0.05904536321759224,"y":-0.031445614993572238,"z":0.0018681202782317997,"w":0.9977966547012329},"size":0.3183542490005493,"orthographic":false}